{
  "Random Forest": 0.9672650475184794,
  "Logistic Regression": 0.9088983050847458,
  "SVM (Linear)": 0.9285714285714286
}
